,restaurant_cuisine,restaurant_price_range,restaurant_aggregate_rating,restaurant_id,restaurant_name,restaurant_latitude,restaurant_longitude,restaurant_address
0,"American, Burger",2,4.9,16777384,Shake Shack,40.7408681000,-73.9879841000,"Madison Square Park, 23rd & Madison, New York 10010"
1,"American, Burger",2,4.9,16777384,Shake Shack,40.7408681000,-73.9879841000,"Madison Square Park, 23rd & Madison, New York 10010"
2,"American, Burger",2,4.9,16777384,Shake Shack,40.7408681000,-73.9879841000,"Madison Square Park, 23rd & Madison, New York 10010"
3,"American, Burger",2,4.9,16777384,Shake Shack,40.7408681000,-73.9879841000,"Madison Square Park, 23rd & Madison, New York 10010"
4,"American, Burger",2,4.9,16777384,Shake Shack,40.7408681000,-73.9879841000,"Madison Square Park, 23rd & Madison, New York 10010"
5,"American, Burger",2,4.9,16777384,Shake Shack,40.7408681000,-73.9879841000,"Madison Square Park, 23rd & Madison, New York 10010"
6,"American, Burger",2,4.9,16777384,Shake Shack,40.7408681000,-73.9879841000,"Madison Square Park, 23rd & Madison, New York 10010"
7,"American, Burger",2,4.9,16777384,Shake Shack,40.7408681000,-73.9879841000,"Madison Square Park, 23rd & Madison, New York 10010"
8,"American, Burger",2,4.9,16777384,Shake Shack,40.7408681000,-73.9879841000,"Madison Square Park, 23rd & Madison, New York 10010"
9,"American, Burger",2,4.9,16777384,Shake Shack,40.7408681000,-73.9879841000,"Madison Square Park, 23rd & Madison, New York 10010"
10,"American, Burger",2,4.9,16777384,Shake Shack,40.7408681000,-73.9879841000,"Madison Square Park, 23rd & Madison, New York 10010"
11,"American, Burger",2,4.9,16777384,Shake Shack,40.7408681000,-73.9879841000,"Madison Square Park, 23rd & Madison, New York 10010"
12,"American, Burger",2,4.9,16777384,Shake Shack,40.7408681000,-73.9879841000,"Madison Square Park, 23rd & Madison, New York 10010"
13,"American, Burger",2,4.9,16777384,Shake Shack,40.7408681000,-73.9879841000,"Madison Square Park, 23rd & Madison, New York 10010"
14,"American, Burger",2,4.9,16777384,Shake Shack,40.7408681000,-73.9879841000,"Madison Square Park, 23rd & Madison, New York 10010"
15,"American, Burger",2,4.9,16777384,Shake Shack,40.7408681000,-73.9879841000,"Madison Square Park, 23rd & Madison, New York 10010"
16,"American, Burger",2,4.9,16777384,Shake Shack,40.7408681000,-73.9879841000,"Madison Square Park, 23rd & Madison, New York 10010"
17,"American, Burger",2,4.9,16777384,Shake Shack,40.7408681000,-73.9879841000,"Madison Square Park, 23rd & Madison, New York 10010"
18,"American, Burger",2,4.9,16777384,Shake Shack,40.7408681000,-73.9879841000,"Madison Square Park, 23rd & Madison, New York 10010"
19,"American, Burger",2,4.9,16777384,Shake Shack,40.7408681000,-73.9879841000,"Madison Square Park, 23rd & Madison, New York 10010"
20,"American, Burger",2,4.9,16777384,Shake Shack,40.7408681000,-73.9879841000,"Madison Square Park, 23rd & Madison, New York 10010"
21,"American, Burger",2,4.9,16777384,Shake Shack,40.7408681000,-73.9879841000,"Madison Square Park, 23rd & Madison, New York 10010"
22,"American, Burger",2,4.9,16777384,Shake Shack,40.7408681000,-73.9879841000,"Madison Square Park, 23rd & Madison, New York 10010"
23,"American, Burger",2,4.9,16777384,Shake Shack,40.7408681000,-73.9879841000,"Madison Square Park, 23rd & Madison, New York 10010"
24,"American, Burger",2,4.9,16777384,Shake Shack,40.7408681000,-73.9879841000,"Madison Square Park, 23rd & Madison, New York 10010"
25,"American, Burger",2,4.9,16777384,Shake Shack,40.7408681000,-73.9879841000,"Madison Square Park, 23rd & Madison, New York 10010"
26,"American, Burger",2,4.9,16777384,Shake Shack,40.7408681000,-73.9879841000,"Madison Square Park, 23rd & Madison, New York 10010"
27,"American, Burger",2,4.9,16777384,Shake Shack,40.7408681000,-73.9879841000,"Madison Square Park, 23rd & Madison, New York 10010"
28,"American, Burger",2,4.9,16777384,Shake Shack,40.7408681000,-73.9879841000,"Madison Square Park, 23rd & Madison, New York 10010"
29,"American, Burger",2,4.9,16777384,Shake Shack,40.7408681000,-73.9879841000,"Madison Square Park, 23rd & Madison, New York 10010"
30,"American, Burger",2,4.9,16777384,Shake Shack,40.7408681000,-73.9879841000,"Madison Square Park, 23rd & Madison, New York 10010"
31,"American, Burger",2,4.9,16777384,Shake Shack,40.7408681000,-73.9879841000,"Madison Square Park, 23rd & Madison, New York 10010"
32,"American, Burger",2,4.9,16777384,Shake Shack,40.7408681000,-73.9879841000,"Madison Square Park, 23rd & Madison, New York 10010"
33,"American, Burger",2,4.9,16777384,Shake Shack,40.7408681000,-73.9879841000,"Madison Square Park, 23rd & Madison, New York 10010"
34,"American, Burger",2,4.9,16777384,Shake Shack,40.7408681000,-73.9879841000,"Madison Square Park, 23rd & Madison, New York 10010"
35,"American, Burger",2,4.9,16777384,Shake Shack,40.7408681000,-73.9879841000,"Madison Square Park, 23rd & Madison, New York 10010"
36,"American, Burger",2,4.9,16777384,Shake Shack,40.7408681000,-73.9879841000,"Madison Square Park, 23rd & Madison, New York 10010"
37,"American, Burger",2,4.9,16777384,Shake Shack,40.7408681000,-73.9879841000,"Madison Square Park, 23rd & Madison, New York 10010"
38,"American, Burger",2,4.9,16777384,Shake Shack,40.7408681000,-73.9879841000,"Madison Square Park, 23rd & Madison, New York 10010"
39,"American, Burger",2,4.9,16777384,Shake Shack,40.7408681000,-73.9879841000,"Madison Square Park, 23rd & Madison, New York 10010"
40,"American, Burger",2,4.9,16777384,Shake Shack,40.7408681000,-73.9879841000,"Madison Square Park, 23rd & Madison, New York 10010"
41,"American, Burger",2,4.9,16777384,Shake Shack,40.7408681000,-73.9879841000,"Madison Square Park, 23rd & Madison, New York 10010"
42,"American, Burger",2,4.9,16777384,Shake Shack,40.7408681000,-73.9879841000,"Madison Square Park, 23rd & Madison, New York 10010"
43,"American, Burger",2,4.9,16777384,Shake Shack,40.7408681000,-73.9879841000,"Madison Square Park, 23rd & Madison, New York 10010"
44,"American, Burger",2,4.9,16777384,Shake Shack,40.7408681000,-73.9879841000,"Madison Square Park, 23rd & Madison, New York 10010"
45,"American, Burger",2,4.9,16777384,Shake Shack,40.7408681000,-73.9879841000,"Madison Square Park, 23rd & Madison, New York 10010"
46,"American, Burger",2,4.9,16777384,Shake Shack,40.7408681000,-73.9879841000,"Madison Square Park, 23rd & Madison, New York 10010"
47,"American, Burger",2,4.9,16777384,Shake Shack,40.7408681000,-73.9879841000,"Madison Square Park, 23rd & Madison, New York 10010"
48,"American, Burger",2,4.9,16777384,Shake Shack,40.7408681000,-73.9879841000,"Madison Square Park, 23rd & Madison, New York 10010"
49,"American, Burger",2,4.9,16777384,Shake Shack,40.7408681000,-73.9879841000,"Madison Square Park, 23rd & Madison, New York 10010"
50,"American, Burger",2,4.9,16777384,Shake Shack,40.7408681000,-73.9879841000,"Madison Square Park, 23rd & Madison, New York 10010"
51,"American, Burger",2,4.9,16777384,Shake Shack,40.7408681000,-73.9879841000,"Madison Square Park, 23rd & Madison, New York 10010"
52,"American, Burger",2,4.9,16777384,Shake Shack,40.7408681000,-73.9879841000,"Madison Square Park, 23rd & Madison, New York 10010"
53,"American, Burger",2,4.9,16777384,Shake Shack,40.7408681000,-73.9879841000,"Madison Square Park, 23rd & Madison, New York 10010"
54,"American, Burger",2,4.9,16777384,Shake Shack,40.7408681000,-73.9879841000,"Madison Square Park, 23rd & Madison, New York 10010"
55,"American, Burger",2,4.9,16777384,Shake Shack,40.7408681000,-73.9879841000,"Madison Square Park, 23rd & Madison, New York 10010"
56,"American, Burger",2,4.9,16777384,Shake Shack,40.7408681000,-73.9879841000,"Madison Square Park, 23rd & Madison, New York 10010"
57,"American, Burger",2,4.9,16777384,Shake Shack,40.7408681000,-73.9879841000,"Madison Square Park, 23rd & Madison, New York 10010"
58,"American, Burger",2,4.9,16777384,Shake Shack,40.7408681000,-73.9879841000,"Madison Square Park, 23rd & Madison, New York 10010"
59,"American, Burger",2,4.9,16777384,Shake Shack,40.7408681000,-73.9879841000,"Madison Square Park, 23rd & Madison, New York 10010"
60,"American, Burger",2,4.9,16777384,Shake Shack,40.7408681000,-73.9879841000,"Madison Square Park, 23rd & Madison, New York 10010"
61,"American, Burger",2,4.9,16777384,Shake Shack,40.7408681000,-73.9879841000,"Madison Square Park, 23rd & Madison, New York 10010"
62,"American, Burger",2,4.9,16777384,Shake Shack,40.7408681000,-73.9879841000,"Madison Square Park, 23rd & Madison, New York 10010"
63,"American, Burger",2,4.9,16777384,Shake Shack,40.7408681000,-73.9879841000,"Madison Square Park, 23rd & Madison, New York 10010"
64,"American, Burger",2,4.9,16777384,Shake Shack,40.7408681000,-73.9879841000,"Madison Square Park, 23rd & Madison, New York 10010"
65,"American, Burger",2,4.9,16777384,Shake Shack,40.7408681000,-73.9879841000,"Madison Square Park, 23rd & Madison, New York 10010"
66,"American, Burger",2,4.9,16777384,Shake Shack,40.7408681000,-73.9879841000,"Madison Square Park, 23rd & Madison, New York 10010"
67,"American, Burger",2,4.9,16777384,Shake Shack,40.7408681000,-73.9879841000,"Madison Square Park, 23rd & Madison, New York 10010"
68,"American, Burger",2,4.9,16777384,Shake Shack,40.7408681000,-73.9879841000,"Madison Square Park, 23rd & Madison, New York 10010"
69,"American, Burger",2,4.9,16777384,Shake Shack,40.7408681000,-73.9879841000,"Madison Square Park, 23rd & Madison, New York 10010"
70,"American, Burger",2,4.9,16777384,Shake Shack,40.7408681000,-73.9879841000,"Madison Square Park, 23rd & Madison, New York 10010"
71,"American, Burger",2,4.9,16777384,Shake Shack,40.7408681000,-73.9879841000,"Madison Square Park, 23rd & Madison, New York 10010"
72,"American, Burger",2,4.9,16777384,Shake Shack,40.7408681000,-73.9879841000,"Madison Square Park, 23rd & Madison, New York 10010"
73,"American, Burger",2,4.9,16777384,Shake Shack,40.7408681000,-73.9879841000,"Madison Square Park, 23rd & Madison, New York 10010"
74,"American, Burger",2,4.9,16777384,Shake Shack,40.7408681000,-73.9879841000,"Madison Square Park, 23rd & Madison, New York 10010"
75,American,4,4.4,16767139,Gramercy Tavern,40.7387166667,-73.9883888889,42 E 20th Street 10003
76,American,4,4.4,16767139,Gramercy Tavern,40.7387166667,-73.9883888889,42 E 20th Street 10003
77,American,4,4.4,16767139,Gramercy Tavern,40.7387166667,-73.9883888889,42 E 20th Street 10003
78,American,4,4.4,16767139,Gramercy Tavern,40.7387166667,-73.9883888889,42 E 20th Street 10003
79,American,4,4.4,16767139,Gramercy Tavern,40.7387166667,-73.9883888889,42 E 20th Street 10003
80,American,4,4.4,16767139,Gramercy Tavern,40.7387166667,-73.9883888889,42 E 20th Street 10003
81,American,4,4.4,16767139,Gramercy Tavern,40.7387166667,-73.9883888889,42 E 20th Street 10003
82,American,4,4.4,16767139,Gramercy Tavern,40.7387166667,-73.9883888889,42 E 20th Street 10003
83,American,4,4.4,16767139,Gramercy Tavern,40.7387166667,-73.9883888889,42 E 20th Street 10003
84,American,4,4.4,16767139,Gramercy Tavern,40.7387166667,-73.9883888889,42 E 20th Street 10003
85,American,4,4.4,16767139,Gramercy Tavern,40.7387166667,-73.9883888889,42 E 20th Street 10003
86,American,4,4.4,16767139,Gramercy Tavern,40.7387166667,-73.9883888889,42 E 20th Street 10003
87,American,4,4.4,16767139,Gramercy Tavern,40.7387166667,-73.9883888889,42 E 20th Street 10003
88,American,4,4.4,16767139,Gramercy Tavern,40.7387166667,-73.9883888889,42 E 20th Street 10003
89,American,4,4.4,16767139,Gramercy Tavern,40.7387166667,-73.9883888889,42 E 20th Street 10003
90,American,4,4.4,16767139,Gramercy Tavern,40.7387166667,-73.9883888889,42 E 20th Street 10003
91,American,4,4.4,16767139,Gramercy Tavern,40.7387166667,-73.9883888889,42 E 20th Street 10003
92,American,4,4.4,16767139,Gramercy Tavern,40.7387166667,-73.9883888889,42 E 20th Street 10003
93,American,4,4.4,16767139,Gramercy Tavern,40.7387166667,-73.9883888889,42 E 20th Street 10003
94,American,4,4.4,16767139,Gramercy Tavern,40.7387166667,-73.9883888889,42 E 20th Street 10003
95,American,4,4.4,16767139,Gramercy Tavern,40.7387166667,-73.9883888889,42 E 20th Street 10003
96,American,4,4.4,16767139,Gramercy Tavern,40.7387166667,-73.9883888889,42 E 20th Street 10003
97,American,4,4.4,16767139,Gramercy Tavern,40.7387166667,-73.9883888889,42 E 20th Street 10003
98,American,4,4.4,16767139,Gramercy Tavern,40.7387166667,-73.9883888889,42 E 20th Street 10003
99,American,4,4.4,16767139,Gramercy Tavern,40.7387166667,-73.9883888889,42 E 20th Street 10003
100,American,4,4.4,16767139,Gramercy Tavern,40.7387166667,-73.9883888889,42 E 20th Street 10003
101,American,4,4.4,16767139,Gramercy Tavern,40.7387166667,-73.9883888889,42 E 20th Street 10003
102,American,4,4.4,16767139,Gramercy Tavern,40.7387166667,-73.9883888889,42 E 20th Street 10003
103,American,4,4.4,16767139,Gramercy Tavern,40.7387166667,-73.9883888889,42 E 20th Street 10003
104,American,4,4.4,16767139,Gramercy Tavern,40.7387166667,-73.9883888889,42 E 20th Street 10003
105,American,4,4.4,16767139,Gramercy Tavern,40.7387166667,-73.9883888889,42 E 20th Street 10003
106,American,4,4.4,16767139,Gramercy Tavern,40.7387166667,-73.9883888889,42 E 20th Street 10003
107,American,4,4.4,16767139,Gramercy Tavern,40.7387166667,-73.9883888889,42 E 20th Street 10003
108,American,4,4.4,16767139,Gramercy Tavern,40.7387166667,-73.9883888889,42 E 20th Street 10003
109,American,4,4.4,16767139,Gramercy Tavern,40.7387166667,-73.9883888889,42 E 20th Street 10003
110,American,4,4.4,16767139,Gramercy Tavern,40.7387166667,-73.9883888889,42 E 20th Street 10003
111,American,4,4.4,16767139,Gramercy Tavern,40.7387166667,-73.9883888889,42 E 20th Street 10003
112,American,4,4.4,16767139,Gramercy Tavern,40.7387166667,-73.9883888889,42 E 20th Street 10003
113,American,4,4.4,16767139,Gramercy Tavern,40.7387166667,-73.9883888889,42 E 20th Street 10003
114,American,4,4.4,16767139,Gramercy Tavern,40.7387166667,-73.9883888889,42 E 20th Street 10003
115,American,4,4.4,16767139,Gramercy Tavern,40.7387166667,-73.9883888889,42 E 20th Street 10003
116,American,4,4.4,16767139,Gramercy Tavern,40.7387166667,-73.9883888889,42 E 20th Street 10003
117,American,4,4.4,16767139,Gramercy Tavern,40.7387166667,-73.9883888889,42 E 20th Street 10003
118,American,4,4.4,16767139,Gramercy Tavern,40.7387166667,-73.9883888889,42 E 20th Street 10003
119,American,4,4.4,16767139,Gramercy Tavern,40.7387166667,-73.9883888889,42 E 20th Street 10003
120,American,4,4.4,16767139,Gramercy Tavern,40.7387166667,-73.9883888889,42 E 20th Street 10003
121,American,4,4.4,16767139,Gramercy Tavern,40.7387166667,-73.9883888889,42 E 20th Street 10003
122,American,4,4.4,16767139,Gramercy Tavern,40.7387166667,-73.9883888889,42 E 20th Street 10003
123,American,4,4.4,16767139,Gramercy Tavern,40.7387166667,-73.9883888889,42 E 20th Street 10003
124,American,4,4.4,16767139,Gramercy Tavern,40.7387166667,-73.9883888889,42 E 20th Street 10003
125,American,4,4.4,16767139,Gramercy Tavern,40.7387166667,-73.9883888889,42 E 20th Street 10003
126,American,4,4.4,16767139,Gramercy Tavern,40.7387166667,-73.9883888889,42 E 20th Street 10003
127,American,4,4.4,16767139,Gramercy Tavern,40.7387166667,-73.9883888889,42 E 20th Street 10003
128,American,4,4.4,16767139,Gramercy Tavern,40.7387166667,-73.9883888889,42 E 20th Street 10003
129,American,4,4.4,16767139,Gramercy Tavern,40.7387166667,-73.9883888889,42 E 20th Street 10003
130,American,4,4.4,16767139,Gramercy Tavern,40.7387166667,-73.9883888889,42 E 20th Street 10003
131,American,4,4.4,16767139,Gramercy Tavern,40.7387166667,-73.9883888889,42 E 20th Street 10003
132,American,4,4.4,16767139,Gramercy Tavern,40.7387166667,-73.9883888889,42 E 20th Street 10003
133,American,4,4.4,16767139,Gramercy Tavern,40.7387166667,-73.9883888889,42 E 20th Street 10003
134,American,4,4.4,16767139,Gramercy Tavern,40.7387166667,-73.9883888889,42 E 20th Street 10003
135,American,4,4.4,16767139,Gramercy Tavern,40.7387166667,-73.9883888889,42 E 20th Street 10003
136,American,4,4.4,16767139,Gramercy Tavern,40.7387166667,-73.9883888889,42 E 20th Street 10003
137,American,4,4.4,16767139,Gramercy Tavern,40.7387166667,-73.9883888889,42 E 20th Street 10003
138,American,4,4.4,16767139,Gramercy Tavern,40.7387166667,-73.9883888889,42 E 20th Street 10003
139,American,4,4.4,16767139,Gramercy Tavern,40.7387166667,-73.9883888889,42 E 20th Street 10003
140,American,4,4.4,16767139,Gramercy Tavern,40.7387166667,-73.9883888889,42 E 20th Street 10003
141,American,4,4.4,16767139,Gramercy Tavern,40.7387166667,-73.9883888889,42 E 20th Street 10003
142,American,4,4.4,16767139,Gramercy Tavern,40.7387166667,-73.9883888889,42 E 20th Street 10003
143,American,4,4.4,16767139,Gramercy Tavern,40.7387166667,-73.9883888889,42 E 20th Street 10003
144,American,4,4.4,16767139,Gramercy Tavern,40.7387166667,-73.9883888889,42 E 20th Street 10003
145,"American, Burger",2,4.9,16785398,Shake Shack,40.7587361111,-73.9890138889,"691 8th Avenue, New York 10036"
146,"American, Burger",2,4.9,16785398,Shake Shack,40.7587361111,-73.9890138889,"691 8th Avenue, New York 10036"
147,"American, Burger",2,4.9,16785398,Shake Shack,40.7587361111,-73.9890138889,"691 8th Avenue, New York 10036"
148,"American, Burger",2,4.9,16785398,Shake Shack,40.7587361111,-73.9890138889,"691 8th Avenue, New York 10036"
149,"American, Burger",2,4.9,16785398,Shake Shack,40.7587361111,-73.9890138889,"691 8th Avenue, New York 10036"
150,"American, Burger",2,4.9,16785398,Shake Shack,40.7587361111,-73.9890138889,"691 8th Avenue, New York 10036"
151,"American, Burger",2,4.9,16785398,Shake Shack,40.7587361111,-73.9890138889,"691 8th Avenue, New York 10036"
152,"American, Burger",2,4.9,16785398,Shake Shack,40.7587361111,-73.9890138889,"691 8th Avenue, New York 10036"
153,"American, Burger",2,4.9,16785398,Shake Shack,40.7587361111,-73.9890138889,"691 8th Avenue, New York 10036"
154,"American, Burger",2,4.9,16785398,Shake Shack,40.7587361111,-73.9890138889,"691 8th Avenue, New York 10036"
155,"American, Burger",2,4.9,16785398,Shake Shack,40.7587361111,-73.9890138889,"691 8th Avenue, New York 10036"
156,"American, Burger",2,4.9,16785398,Shake Shack,40.7587361111,-73.9890138889,"691 8th Avenue, New York 10036"
157,"American, Burger",2,4.9,16785398,Shake Shack,40.7587361111,-73.9890138889,"691 8th Avenue, New York 10036"
158,"American, Burger",2,4.9,16785398,Shake Shack,40.7587361111,-73.9890138889,"691 8th Avenue, New York 10036"
159,"American, Burger",2,4.9,16785398,Shake Shack,40.7587361111,-73.9890138889,"691 8th Avenue, New York 10036"
160,"American, Burger",2,4.9,16785398,Shake Shack,40.7587361111,-73.9890138889,"691 8th Avenue, New York 10036"
161,"American, Burger",2,4.9,16785398,Shake Shack,40.7587361111,-73.9890138889,"691 8th Avenue, New York 10036"
162,"American, Burger",2,4.9,16785398,Shake Shack,40.7587361111,-73.9890138889,"691 8th Avenue, New York 10036"
163,"American, Burger",2,4.9,16785398,Shake Shack,40.7587361111,-73.9890138889,"691 8th Avenue, New York 10036"
164,"American, Burger",2,4.9,16785398,Shake Shack,40.7587361111,-73.9890138889,"691 8th Avenue, New York 10036"
165,"American, Burger",2,4.9,16785398,Shake Shack,40.7587361111,-73.9890138889,"691 8th Avenue, New York 10036"
166,"American, Burger",2,4.9,16785398,Shake Shack,40.7587361111,-73.9890138889,"691 8th Avenue, New York 10036"
167,"American, Burger",2,4.9,16785398,Shake Shack,40.7587361111,-73.9890138889,"691 8th Avenue, New York 10036"
168,"American, Burger",2,4.9,16785398,Shake Shack,40.7587361111,-73.9890138889,"691 8th Avenue, New York 10036"
169,"American, Burger",2,4.9,16785398,Shake Shack,40.7587361111,-73.9890138889,"691 8th Avenue, New York 10036"
170,"American, Burger",2,4.9,16785398,Shake Shack,40.7587361111,-73.9890138889,"691 8th Avenue, New York 10036"
171,"American, Burger",2,4.9,16785398,Shake Shack,40.7587361111,-73.9890138889,"691 8th Avenue, New York 10036"
172,"American, Burger",2,4.9,16785398,Shake Shack,40.7587361111,-73.9890138889,"691 8th Avenue, New York 10036"
173,"American, Burger",2,4.9,16785398,Shake Shack,40.7587361111,-73.9890138889,"691 8th Avenue, New York 10036"
174,"American, Burger",2,4.9,16785398,Shake Shack,40.7587361111,-73.9890138889,"691 8th Avenue, New York 10036"
175,"American, Burger",2,4.9,16785398,Shake Shack,40.7587361111,-73.9890138889,"691 8th Avenue, New York 10036"
176,"American, Burger",2,4.9,16785398,Shake Shack,40.7587361111,-73.9890138889,"691 8th Avenue, New York 10036"
177,"American, Burger",2,4.9,16785398,Shake Shack,40.7587361111,-73.9890138889,"691 8th Avenue, New York 10036"
178,"American, Burger",2,4.9,16785398,Shake Shack,40.7587361111,-73.9890138889,"691 8th Avenue, New York 10036"
179,"American, Burger",2,4.9,16785398,Shake Shack,40.7587361111,-73.9890138889,"691 8th Avenue, New York 10036"
180,"American, Burger",2,4.9,16785398,Shake Shack,40.7587361111,-73.9890138889,"691 8th Avenue, New York 10036"
181,"American, Burger",2,4.9,16785398,Shake Shack,40.7587361111,-73.9890138889,"691 8th Avenue, New York 10036"
182,"American, Burger",2,4.9,16785398,Shake Shack,40.7587361111,-73.9890138889,"691 8th Avenue, New York 10036"
183,"American, Burger",2,4.9,16785398,Shake Shack,40.7587361111,-73.9890138889,"691 8th Avenue, New York 10036"
184,"American, Burger",2,4.9,16785398,Shake Shack,40.7587361111,-73.9890138889,"691 8th Avenue, New York 10036"
185,"American, Burger",2,4.9,16785398,Shake Shack,40.7587361111,-73.9890138889,"691 8th Avenue, New York 10036"
186,"American, Burger",2,4.9,16785398,Shake Shack,40.7587361111,-73.9890138889,"691 8th Avenue, New York 10036"
187,"American, Burger",2,4.9,16785398,Shake Shack,40.7587361111,-73.9890138889,"691 8th Avenue, New York 10036"
188,"American, Burger",2,4.9,16785398,Shake Shack,40.7587361111,-73.9890138889,"691 8th Avenue, New York 10036"
189,"American, Burger",2,4.9,16785398,Shake Shack,40.7587361111,-73.9890138889,"691 8th Avenue, New York 10036"
190,"American, Burger",2,4.9,16785398,Shake Shack,40.7587361111,-73.9890138889,"691 8th Avenue, New York 10036"
191,"American, Burger",2,4.9,16785398,Shake Shack,40.7587361111,-73.9890138889,"691 8th Avenue, New York 10036"
192,"American, Burger",2,4.9,16785398,Shake Shack,40.7587361111,-73.9890138889,"691 8th Avenue, New York 10036"
193,"American, Burger",2,4.9,16785398,Shake Shack,40.7587361111,-73.9890138889,"691 8th Avenue, New York 10036"
194,"American, Burger",2,4.9,16785398,Shake Shack,40.7587361111,-73.9890138889,"691 8th Avenue, New York 10036"
195,"American, Burger",2,4.9,16785398,Shake Shack,40.7587361111,-73.9890138889,"691 8th Avenue, New York 10036"
196,"American, Burger",2,4.9,16785398,Shake Shack,40.7587361111,-73.9890138889,"691 8th Avenue, New York 10036"
197,"American, Burger",2,4.9,16785398,Shake Shack,40.7587361111,-73.9890138889,"691 8th Avenue, New York 10036"
198,"American, Burger",2,4.9,16785398,Shake Shack,40.7587361111,-73.9890138889,"691 8th Avenue, New York 10036"
199,"American, Burger",2,4.9,16785398,Shake Shack,40.7587361111,-73.9890138889,"691 8th Avenue, New York 10036"
200,"American, Burger",2,4.9,16785398,Shake Shack,40.7587361111,-73.9890138889,"691 8th Avenue, New York 10036"
201,"American, Burger",2,4.9,16785398,Shake Shack,40.7587361111,-73.9890138889,"691 8th Avenue, New York 10036"
202,"American, Burger",2,4.9,16785398,Shake Shack,40.7587361111,-73.9890138889,"691 8th Avenue, New York 10036"
203,"American, Burger",2,4.9,16785398,Shake Shack,40.7587361111,-73.9890138889,"691 8th Avenue, New York 10036"
204,"American, Burger",2,4.9,16785398,Shake Shack,40.7587361111,-73.9890138889,"691 8th Avenue, New York 10036"
205,"American, Burger",2,4.9,16785398,Shake Shack,40.7587361111,-73.9890138889,"691 8th Avenue, New York 10036"
206,"American, Burger",2,4.9,16785398,Shake Shack,40.7587361111,-73.9890138889,"691 8th Avenue, New York 10036"
207,"American, Burger",2,4.9,16785398,Shake Shack,40.7587361111,-73.9890138889,"691 8th Avenue, New York 10036"
208,"American, Burger",2,4.9,16785398,Shake Shack,40.7587361111,-73.9890138889,"691 8th Avenue, New York 10036"
209,"American, Burger",2,4.9,16785398,Shake Shack,40.7587361111,-73.9890138889,"691 8th Avenue, New York 10036"
210,American,4,4.3,16761868,Cafeteria,40.7405916667,-73.9980861111,"119 7th Avenue, New York 10011"
211,American,4,4.3,16761868,Cafeteria,40.7405916667,-73.9980861111,"119 7th Avenue, New York 10011"
212,American,4,4.3,16761868,Cafeteria,40.7405916667,-73.9980861111,"119 7th Avenue, New York 10011"
213,American,4,4.3,16761868,Cafeteria,40.7405916667,-73.9980861111,"119 7th Avenue, New York 10011"
214,American,4,4.3,16761868,Cafeteria,40.7405916667,-73.9980861111,"119 7th Avenue, New York 10011"
215,American,4,4.3,16761868,Cafeteria,40.7405916667,-73.9980861111,"119 7th Avenue, New York 10011"
216,American,4,4.3,16761868,Cafeteria,40.7405916667,-73.9980861111,"119 7th Avenue, New York 10011"
217,American,4,4.3,16761868,Cafeteria,40.7405916667,-73.9980861111,"119 7th Avenue, New York 10011"
218,American,4,4.3,16761868,Cafeteria,40.7405916667,-73.9980861111,"119 7th Avenue, New York 10011"
219,American,4,4.3,16761868,Cafeteria,40.7405916667,-73.9980861111,"119 7th Avenue, New York 10011"
220,American,4,4.3,16761868,Cafeteria,40.7405916667,-73.9980861111,"119 7th Avenue, New York 10011"
221,American,4,4.3,16761868,Cafeteria,40.7405916667,-73.9980861111,"119 7th Avenue, New York 10011"
222,American,4,4.3,16761868,Cafeteria,40.7405916667,-73.9980861111,"119 7th Avenue, New York 10011"
223,American,4,4.3,16761868,Cafeteria,40.7405916667,-73.9980861111,"119 7th Avenue, New York 10011"
224,American,4,4.3,16761868,Cafeteria,40.7405916667,-73.9980861111,"119 7th Avenue, New York 10011"
225,American,4,4.3,16761868,Cafeteria,40.7405916667,-73.9980861111,"119 7th Avenue, New York 10011"
226,American,4,4.3,16761868,Cafeteria,40.7405916667,-73.9980861111,"119 7th Avenue, New York 10011"
227,American,4,4.3,16761868,Cafeteria,40.7405916667,-73.9980861111,"119 7th Avenue, New York 10011"
228,American,4,4.3,16761868,Cafeteria,40.7405916667,-73.9980861111,"119 7th Avenue, New York 10011"
229,American,4,4.3,16761868,Cafeteria,40.7405916667,-73.9980861111,"119 7th Avenue, New York 10011"
230,American,4,4.3,16761868,Cafeteria,40.7405916667,-73.9980861111,"119 7th Avenue, New York 10011"
231,American,4,4.3,16761868,Cafeteria,40.7405916667,-73.9980861111,"119 7th Avenue, New York 10011"
232,American,4,4.3,16761868,Cafeteria,40.7405916667,-73.9980861111,"119 7th Avenue, New York 10011"
233,American,4,4.3,16761868,Cafeteria,40.7405916667,-73.9980861111,"119 7th Avenue, New York 10011"
234,American,4,4.3,16761868,Cafeteria,40.7405916667,-73.9980861111,"119 7th Avenue, New York 10011"
235,American,4,4.3,16761868,Cafeteria,40.7405916667,-73.9980861111,"119 7th Avenue, New York 10011"
236,American,4,4.3,16761868,Cafeteria,40.7405916667,-73.9980861111,"119 7th Avenue, New York 10011"
237,American,4,4.3,16761868,Cafeteria,40.7405916667,-73.9980861111,"119 7th Avenue, New York 10011"
238,American,4,4.3,16761868,Cafeteria,40.7405916667,-73.9980861111,"119 7th Avenue, New York 10011"
239,American,4,4.3,16761868,Cafeteria,40.7405916667,-73.9980861111,"119 7th Avenue, New York 10011"
240,American,4,4.3,16761868,Cafeteria,40.7405916667,-73.9980861111,"119 7th Avenue, New York 10011"
241,American,4,4.3,16761868,Cafeteria,40.7405916667,-73.9980861111,"119 7th Avenue, New York 10011"
242,American,4,4.3,16761868,Cafeteria,40.7405916667,-73.9980861111,"119 7th Avenue, New York 10011"
243,American,4,4.3,16761868,Cafeteria,40.7405916667,-73.9980861111,"119 7th Avenue, New York 10011"
244,American,4,4.3,16761868,Cafeteria,40.7405916667,-73.9980861111,"119 7th Avenue, New York 10011"
245,American,4,4.3,16761868,Cafeteria,40.7405916667,-73.9980861111,"119 7th Avenue, New York 10011"
246,American,4,4.3,16761868,Cafeteria,40.7405916667,-73.9980861111,"119 7th Avenue, New York 10011"
247,American,4,4.3,16761868,Cafeteria,40.7405916667,-73.9980861111,"119 7th Avenue, New York 10011"
248,American,4,4.3,16761868,Cafeteria,40.7405916667,-73.9980861111,"119 7th Avenue, New York 10011"
249,American,4,4.3,16761868,Cafeteria,40.7405916667,-73.9980861111,"119 7th Avenue, New York 10011"
250,American,4,4.3,16761868,Cafeteria,40.7405916667,-73.9980861111,"119 7th Avenue, New York 10011"
251,American,4,4.3,16761868,Cafeteria,40.7405916667,-73.9980861111,"119 7th Avenue, New York 10011"
252,American,4,4.3,16761868,Cafeteria,40.7405916667,-73.9980861111,"119 7th Avenue, New York 10011"
253,American,4,4.3,16761868,Cafeteria,40.7405916667,-73.9980861111,"119 7th Avenue, New York 10011"
254,American,4,4.3,16761868,Cafeteria,40.7405916667,-73.9980861111,"119 7th Avenue, New York 10011"
255,American,4,4.3,16761868,Cafeteria,40.7405916667,-73.9980861111,"119 7th Avenue, New York 10011"
256,American,4,4.3,16761868,Cafeteria,40.7405916667,-73.9980861111,"119 7th Avenue, New York 10011"
257,American,4,4.3,16761868,Cafeteria,40.7405916667,-73.9980861111,"119 7th Avenue, New York 10011"
258,American,4,4.3,16761868,Cafeteria,40.7405916667,-73.9980861111,"119 7th Avenue, New York 10011"
259,American,4,4.3,16761868,Cafeteria,40.7405916667,-73.9980861111,"119 7th Avenue, New York 10011"
260,American,4,4.3,16761868,Cafeteria,40.7405916667,-73.9980861111,"119 7th Avenue, New York 10011"
261,American,4,4.3,16761868,Cafeteria,40.7405916667,-73.9980861111,"119 7th Avenue, New York 10011"
262,American,4,4.3,16761868,Cafeteria,40.7405916667,-73.9980861111,"119 7th Avenue, New York 10011"
263,American,4,4.3,16761868,Cafeteria,40.7405916667,-73.9980861111,"119 7th Avenue, New York 10011"
264,American,4,4.3,16761868,Cafeteria,40.7405916667,-73.9980861111,"119 7th Avenue, New York 10011"
265,American,4,4.3,16761868,Cafeteria,40.7405916667,-73.9980861111,"119 7th Avenue, New York 10011"
266,American,4,4.3,16761868,Cafeteria,40.7405916667,-73.9980861111,"119 7th Avenue, New York 10011"
267,American,4,4.3,16761868,Cafeteria,40.7405916667,-73.9980861111,"119 7th Avenue, New York 10011"
268,American,4,4.3,16761868,Cafeteria,40.7405916667,-73.9980861111,"119 7th Avenue, New York 10011"
269,American,4,4.3,16761868,Cafeteria,40.7405916667,-73.9980861111,"119 7th Avenue, New York 10011"
270,American,4,4.1,16763460,Cookshop,40.7456555556,-74.0054638889,"156 10th Avenue, New York 10011"
271,American,4,4.1,16763460,Cookshop,40.7456555556,-74.0054638889,"156 10th Avenue, New York 10011"
272,American,4,4.1,16763460,Cookshop,40.7456555556,-74.0054638889,"156 10th Avenue, New York 10011"
273,American,4,4.1,16763460,Cookshop,40.7456555556,-74.0054638889,"156 10th Avenue, New York 10011"
274,American,4,4.1,16763460,Cookshop,40.7456555556,-74.0054638889,"156 10th Avenue, New York 10011"
275,American,4,4.1,16763460,Cookshop,40.7456555556,-74.0054638889,"156 10th Avenue, New York 10011"
276,American,4,4.1,16763460,Cookshop,40.7456555556,-74.0054638889,"156 10th Avenue, New York 10011"
277,American,4,4.1,16763460,Cookshop,40.7456555556,-74.0054638889,"156 10th Avenue, New York 10011"
278,American,4,4.1,16763460,Cookshop,40.7456555556,-74.0054638889,"156 10th Avenue, New York 10011"
279,American,4,4.1,16763460,Cookshop,40.7456555556,-74.0054638889,"156 10th Avenue, New York 10011"
280,American,4,4.1,16763460,Cookshop,40.7456555556,-74.0054638889,"156 10th Avenue, New York 10011"
281,American,4,4.1,16763460,Cookshop,40.7456555556,-74.0054638889,"156 10th Avenue, New York 10011"
282,American,4,4.1,16763460,Cookshop,40.7456555556,-74.0054638889,"156 10th Avenue, New York 10011"
283,American,4,4.1,16763460,Cookshop,40.7456555556,-74.0054638889,"156 10th Avenue, New York 10011"
284,American,4,4.1,16763460,Cookshop,40.7456555556,-74.0054638889,"156 10th Avenue, New York 10011"
285,American,4,4.1,16763460,Cookshop,40.7456555556,-74.0054638889,"156 10th Avenue, New York 10011"
286,American,4,4.1,16763460,Cookshop,40.7456555556,-74.0054638889,"156 10th Avenue, New York 10011"
287,American,4,4.1,16763460,Cookshop,40.7456555556,-74.0054638889,"156 10th Avenue, New York 10011"
288,American,4,4.1,16763460,Cookshop,40.7456555556,-74.0054638889,"156 10th Avenue, New York 10011"
289,American,4,4.1,16763460,Cookshop,40.7456555556,-74.0054638889,"156 10th Avenue, New York 10011"
290,American,4,4.1,16763460,Cookshop,40.7456555556,-74.0054638889,"156 10th Avenue, New York 10011"
291,American,4,4.1,16763460,Cookshop,40.7456555556,-74.0054638889,"156 10th Avenue, New York 10011"
292,American,4,4.1,16763460,Cookshop,40.7456555556,-74.0054638889,"156 10th Avenue, New York 10011"
293,American,4,4.1,16763460,Cookshop,40.7456555556,-74.0054638889,"156 10th Avenue, New York 10011"
294,American,4,4.1,16763460,Cookshop,40.7456555556,-74.0054638889,"156 10th Avenue, New York 10011"
295,American,4,4.1,16763460,Cookshop,40.7456555556,-74.0054638889,"156 10th Avenue, New York 10011"
296,American,4,4.1,16763460,Cookshop,40.7456555556,-74.0054638889,"156 10th Avenue, New York 10011"
297,American,4,4.1,16763460,Cookshop,40.7456555556,-74.0054638889,"156 10th Avenue, New York 10011"
298,American,4,4.1,16763460,Cookshop,40.7456555556,-74.0054638889,"156 10th Avenue, New York 10011"
299,American,4,4.1,16763460,Cookshop,40.7456555556,-74.0054638889,"156 10th Avenue, New York 10011"
300,American,4,4.1,16763460,Cookshop,40.7456555556,-74.0054638889,"156 10th Avenue, New York 10011"
301,American,4,4.1,16763460,Cookshop,40.7456555556,-74.0054638889,"156 10th Avenue, New York 10011"
302,American,4,4.1,16763460,Cookshop,40.7456555556,-74.0054638889,"156 10th Avenue, New York 10011"
303,American,4,4.1,16763460,Cookshop,40.7456555556,-74.0054638889,"156 10th Avenue, New York 10011"
304,American,4,4.1,16763460,Cookshop,40.7456555556,-74.0054638889,"156 10th Avenue, New York 10011"
305,American,4,4.1,16763460,Cookshop,40.7456555556,-74.0054638889,"156 10th Avenue, New York 10011"
306,American,4,4.1,16763460,Cookshop,40.7456555556,-74.0054638889,"156 10th Avenue, New York 10011"
307,American,4,4.1,16763460,Cookshop,40.7456555556,-74.0054638889,"156 10th Avenue, New York 10011"
308,American,4,4.1,16763460,Cookshop,40.7456555556,-74.0054638889,"156 10th Avenue, New York 10011"
309,American,4,4.1,16763460,Cookshop,40.7456555556,-74.0054638889,"156 10th Avenue, New York 10011"
310,American,4,4.1,16763460,Cookshop,40.7456555556,-74.0054638889,"156 10th Avenue, New York 10011"
311,American,4,4.1,16763460,Cookshop,40.7456555556,-74.0054638889,"156 10th Avenue, New York 10011"
312,American,4,4.1,16763460,Cookshop,40.7456555556,-74.0054638889,"156 10th Avenue, New York 10011"
313,American,4,4.1,16763460,Cookshop,40.7456555556,-74.0054638889,"156 10th Avenue, New York 10011"
314,American,4,4.1,16763460,Cookshop,40.7456555556,-74.0054638889,"156 10th Avenue, New York 10011"
315,American,4,4.1,16763460,Cookshop,40.7456555556,-74.0054638889,"156 10th Avenue, New York 10011"
316,American,4,4.1,16763460,Cookshop,40.7456555556,-74.0054638889,"156 10th Avenue, New York 10011"
317,American,4,4.1,16763460,Cookshop,40.7456555556,-74.0054638889,"156 10th Avenue, New York 10011"
318,American,4,4.1,16763460,Cookshop,40.7456555556,-74.0054638889,"156 10th Avenue, New York 10011"
319,American,4,4.1,16763460,Cookshop,40.7456555556,-74.0054638889,"156 10th Avenue, New York 10011"
320,American,4,4.1,16763460,Cookshop,40.7456555556,-74.0054638889,"156 10th Avenue, New York 10011"
321,American,4,4.1,16763460,Cookshop,40.7456555556,-74.0054638889,"156 10th Avenue, New York 10011"
322,American,4,4.1,16763460,Cookshop,40.7456555556,-74.0054638889,"156 10th Avenue, New York 10011"
323,American,4,4.1,16763460,Cookshop,40.7456555556,-74.0054638889,"156 10th Avenue, New York 10011"
324,American,4,4.1,16763460,Cookshop,40.7456555556,-74.0054638889,"156 10th Avenue, New York 10011"
325,American,2,4.8,16776778,S'MAC,40.7303694444,-73.9840388889,"197 First Avenue, New York 10003"
326,American,2,4.8,16776778,S'MAC,40.7303694444,-73.9840388889,"197 First Avenue, New York 10003"
327,American,2,4.8,16776778,S'MAC,40.7303694444,-73.9840388889,"197 First Avenue, New York 10003"
328,American,2,4.8,16776778,S'MAC,40.7303694444,-73.9840388889,"197 First Avenue, New York 10003"
329,American,2,4.8,16776778,S'MAC,40.7303694444,-73.9840388889,"197 First Avenue, New York 10003"
330,American,2,4.8,16776778,S'MAC,40.7303694444,-73.9840388889,"197 First Avenue, New York 10003"
331,American,2,4.8,16776778,S'MAC,40.7303694444,-73.9840388889,"197 First Avenue, New York 10003"
332,American,2,4.8,16776778,S'MAC,40.7303694444,-73.9840388889,"197 First Avenue, New York 10003"
333,American,2,4.8,16776778,S'MAC,40.7303694444,-73.9840388889,"197 First Avenue, New York 10003"
334,American,2,4.8,16776778,S'MAC,40.7303694444,-73.9840388889,"197 First Avenue, New York 10003"
335,American,2,4.8,16776778,S'MAC,40.7303694444,-73.9840388889,"197 First Avenue, New York 10003"
336,American,2,4.8,16776778,S'MAC,40.7303694444,-73.9840388889,"197 First Avenue, New York 10003"
337,American,2,4.8,16776778,S'MAC,40.7303694444,-73.9840388889,"197 First Avenue, New York 10003"
338,American,2,4.8,16776778,S'MAC,40.7303694444,-73.9840388889,"197 First Avenue, New York 10003"
339,American,2,4.8,16776778,S'MAC,40.7303694444,-73.9840388889,"197 First Avenue, New York 10003"
340,American,2,4.8,16776778,S'MAC,40.7303694444,-73.9840388889,"197 First Avenue, New York 10003"
341,American,2,4.8,16776778,S'MAC,40.7303694444,-73.9840388889,"197 First Avenue, New York 10003"
342,American,2,4.8,16776778,S'MAC,40.7303694444,-73.9840388889,"197 First Avenue, New York 10003"
343,American,2,4.8,16776778,S'MAC,40.7303694444,-73.9840388889,"197 First Avenue, New York 10003"
344,American,2,4.8,16776778,S'MAC,40.7303694444,-73.9840388889,"197 First Avenue, New York 10003"
345,American,2,4.8,16776778,S'MAC,40.7303694444,-73.9840388889,"197 First Avenue, New York 10003"
346,American,2,4.8,16776778,S'MAC,40.7303694444,-73.9840388889,"197 First Avenue, New York 10003"
347,American,2,4.8,16776778,S'MAC,40.7303694444,-73.9840388889,"197 First Avenue, New York 10003"
348,American,2,4.8,16776778,S'MAC,40.7303694444,-73.9840388889,"197 First Avenue, New York 10003"
349,American,2,4.8,16776778,S'MAC,40.7303694444,-73.9840388889,"197 First Avenue, New York 10003"
350,American,2,4.8,16776778,S'MAC,40.7303694444,-73.9840388889,"197 First Avenue, New York 10003"
351,American,2,4.8,16776778,S'MAC,40.7303694444,-73.9840388889,"197 First Avenue, New York 10003"
352,American,2,4.8,16776778,S'MAC,40.7303694444,-73.9840388889,"197 First Avenue, New York 10003"
353,American,2,4.8,16776778,S'MAC,40.7303694444,-73.9840388889,"197 First Avenue, New York 10003"
354,American,2,4.8,16776778,S'MAC,40.7303694444,-73.9840388889,"197 First Avenue, New York 10003"
355,American,2,4.8,16776778,S'MAC,40.7303694444,-73.9840388889,"197 First Avenue, New York 10003"
356,American,2,4.8,16776778,S'MAC,40.7303694444,-73.9840388889,"197 First Avenue, New York 10003"
357,American,2,4.8,16776778,S'MAC,40.7303694444,-73.9840388889,"197 First Avenue, New York 10003"
358,American,2,4.8,16776778,S'MAC,40.7303694444,-73.9840388889,"197 First Avenue, New York 10003"
359,American,2,4.8,16776778,S'MAC,40.7303694444,-73.9840388889,"197 First Avenue, New York 10003"
360,American,2,4.8,16776778,S'MAC,40.7303694444,-73.9840388889,"197 First Avenue, New York 10003"
361,American,2,4.8,16776778,S'MAC,40.7303694444,-73.9840388889,"197 First Avenue, New York 10003"
362,American,2,4.8,16776778,S'MAC,40.7303694444,-73.9840388889,"197 First Avenue, New York 10003"
363,American,2,4.8,16776778,S'MAC,40.7303694444,-73.9840388889,"197 First Avenue, New York 10003"
364,American,2,4.8,16776778,S'MAC,40.7303694444,-73.9840388889,"197 First Avenue, New York 10003"
365,American,2,4.8,16776778,S'MAC,40.7303694444,-73.9840388889,"197 First Avenue, New York 10003"
366,American,2,4.8,16776778,S'MAC,40.7303694444,-73.9840388889,"197 First Avenue, New York 10003"
367,American,2,4.8,16776778,S'MAC,40.7303694444,-73.9840388889,"197 First Avenue, New York 10003"
368,American,2,4.8,16776778,S'MAC,40.7303694444,-73.9840388889,"197 First Avenue, New York 10003"
369,American,2,4.8,16776778,S'MAC,40.7303694444,-73.9840388889,"197 First Avenue, New York 10003"
370,American,2,4.8,16776778,S'MAC,40.7303694444,-73.9840388889,"197 First Avenue, New York 10003"
371,American,2,4.8,16776778,S'MAC,40.7303694444,-73.9840388889,"197 First Avenue, New York 10003"
372,American,2,4.8,16776778,S'MAC,40.7303694444,-73.9840388889,"197 First Avenue, New York 10003"
373,American,2,4.8,16776778,S'MAC,40.7303694444,-73.9840388889,"197 First Avenue, New York 10003"
374,American,2,4.8,16776778,S'MAC,40.7303694444,-73.9840388889,"197 First Avenue, New York 10003"
375,"American, Burger, Sushi",4,4.8,16782050,Five Napkin Burger,40.7602666667,-73.9912111111,"630 9th Avenue, New York 10036"
376,"American, Burger, Sushi",4,4.8,16782050,Five Napkin Burger,40.7602666667,-73.9912111111,"630 9th Avenue, New York 10036"
377,"American, Burger, Sushi",4,4.8,16782050,Five Napkin Burger,40.7602666667,-73.9912111111,"630 9th Avenue, New York 10036"
378,"American, Burger, Sushi",4,4.8,16782050,Five Napkin Burger,40.7602666667,-73.9912111111,"630 9th Avenue, New York 10036"
379,"American, Burger, Sushi",4,4.8,16782050,Five Napkin Burger,40.7602666667,-73.9912111111,"630 9th Avenue, New York 10036"
380,"American, Burger, Sushi",4,4.8,16782050,Five Napkin Burger,40.7602666667,-73.9912111111,"630 9th Avenue, New York 10036"
381,"American, Burger, Sushi",4,4.8,16782050,Five Napkin Burger,40.7602666667,-73.9912111111,"630 9th Avenue, New York 10036"
382,"American, Burger, Sushi",4,4.8,16782050,Five Napkin Burger,40.7602666667,-73.9912111111,"630 9th Avenue, New York 10036"
383,"American, Burger, Sushi",4,4.8,16782050,Five Napkin Burger,40.7602666667,-73.9912111111,"630 9th Avenue, New York 10036"
384,"American, Burger, Sushi",4,4.8,16782050,Five Napkin Burger,40.7602666667,-73.9912111111,"630 9th Avenue, New York 10036"
385,"American, Burger, Sushi",4,4.8,16782050,Five Napkin Burger,40.7602666667,-73.9912111111,"630 9th Avenue, New York 10036"
386,"American, Burger, Sushi",4,4.8,16782050,Five Napkin Burger,40.7602666667,-73.9912111111,"630 9th Avenue, New York 10036"
387,"American, Burger, Sushi",4,4.8,16782050,Five Napkin Burger,40.7602666667,-73.9912111111,"630 9th Avenue, New York 10036"
388,"American, Burger, Sushi",4,4.8,16782050,Five Napkin Burger,40.7602666667,-73.9912111111,"630 9th Avenue, New York 10036"
389,"American, Burger, Sushi",4,4.8,16782050,Five Napkin Burger,40.7602666667,-73.9912111111,"630 9th Avenue, New York 10036"
390,"American, Burger, Sushi",4,4.8,16782050,Five Napkin Burger,40.7602666667,-73.9912111111,"630 9th Avenue, New York 10036"
391,"American, Burger, Sushi",4,4.8,16782050,Five Napkin Burger,40.7602666667,-73.9912111111,"630 9th Avenue, New York 10036"
392,"American, Burger, Sushi",4,4.8,16782050,Five Napkin Burger,40.7602666667,-73.9912111111,"630 9th Avenue, New York 10036"
393,"American, Burger, Sushi",4,4.8,16782050,Five Napkin Burger,40.7602666667,-73.9912111111,"630 9th Avenue, New York 10036"
394,"American, Burger, Sushi",4,4.8,16782050,Five Napkin Burger,40.7602666667,-73.9912111111,"630 9th Avenue, New York 10036"
395,"American, Burger, Sushi",4,4.8,16782050,Five Napkin Burger,40.7602666667,-73.9912111111,"630 9th Avenue, New York 10036"
396,"American, Burger, Sushi",4,4.8,16782050,Five Napkin Burger,40.7602666667,-73.9912111111,"630 9th Avenue, New York 10036"
397,"American, Burger, Sushi",4,4.8,16782050,Five Napkin Burger,40.7602666667,-73.9912111111,"630 9th Avenue, New York 10036"
398,"American, Burger, Sushi",4,4.8,16782050,Five Napkin Burger,40.7602666667,-73.9912111111,"630 9th Avenue, New York 10036"
399,"American, Burger, Sushi",4,4.8,16782050,Five Napkin Burger,40.7602666667,-73.9912111111,"630 9th Avenue, New York 10036"
400,"American, Burger, Sushi",4,4.8,16782050,Five Napkin Burger,40.7602666667,-73.9912111111,"630 9th Avenue, New York 10036"
401,"American, Burger, Sushi",4,4.8,16782050,Five Napkin Burger,40.7602666667,-73.9912111111,"630 9th Avenue, New York 10036"
402,"American, Burger, Sushi",4,4.8,16782050,Five Napkin Burger,40.7602666667,-73.9912111111,"630 9th Avenue, New York 10036"
403,"American, Burger, Sushi",4,4.8,16782050,Five Napkin Burger,40.7602666667,-73.9912111111,"630 9th Avenue, New York 10036"
404,"American, Burger, Sushi",4,4.8,16782050,Five Napkin Burger,40.7602666667,-73.9912111111,"630 9th Avenue, New York 10036"
405,"American, Burger, Sushi",4,4.8,16782050,Five Napkin Burger,40.7602666667,-73.9912111111,"630 9th Avenue, New York 10036"
406,"American, Burger, Sushi",4,4.8,16782050,Five Napkin Burger,40.7602666667,-73.9912111111,"630 9th Avenue, New York 10036"
407,"American, Burger, Sushi",4,4.8,16782050,Five Napkin Burger,40.7602666667,-73.9912111111,"630 9th Avenue, New York 10036"
408,"American, Burger, Sushi",4,4.8,16782050,Five Napkin Burger,40.7602666667,-73.9912111111,"630 9th Avenue, New York 10036"
409,"American, Burger, Sushi",4,4.8,16782050,Five Napkin Burger,40.7602666667,-73.9912111111,"630 9th Avenue, New York 10036"
410,"American, Burger, Sushi",4,4.8,16782050,Five Napkin Burger,40.7602666667,-73.9912111111,"630 9th Avenue, New York 10036"
411,"American, Burger, Sushi",4,4.8,16782050,Five Napkin Burger,40.7602666667,-73.9912111111,"630 9th Avenue, New York 10036"
412,"American, Burger, Sushi",4,4.8,16782050,Five Napkin Burger,40.7602666667,-73.9912111111,"630 9th Avenue, New York 10036"
413,"American, Burger, Sushi",4,4.8,16782050,Five Napkin Burger,40.7602666667,-73.9912111111,"630 9th Avenue, New York 10036"
414,"American, Burger, Sushi",4,4.8,16782050,Five Napkin Burger,40.7602666667,-73.9912111111,"630 9th Avenue, New York 10036"
415,"American, Burger, Sushi",4,4.8,16782050,Five Napkin Burger,40.7602666667,-73.9912111111,"630 9th Avenue, New York 10036"
416,"American, Burger, Sushi",4,4.8,16782050,Five Napkin Burger,40.7602666667,-73.9912111111,"630 9th Avenue, New York 10036"
417,"American, Burger, Sushi",4,4.8,16782050,Five Napkin Burger,40.7602666667,-73.9912111111,"630 9th Avenue, New York 10036"
418,"American, Burger, Sushi",4,4.8,16782050,Five Napkin Burger,40.7602666667,-73.9912111111,"630 9th Avenue, New York 10036"
419,"American, Burger, Sushi",4,4.8,16782050,Five Napkin Burger,40.7602666667,-73.9912111111,"630 9th Avenue, New York 10036"
420,"Steak, American, German",4,4.6,16775039,Peter Luger Steak House,40.7098777778,-73.9623416667,"178 Broadway, Brooklyn 11211"
421,"Steak, American, German",4,4.6,16775039,Peter Luger Steak House,40.7098777778,-73.9623416667,"178 Broadway, Brooklyn 11211"
422,"Steak, American, German",4,4.6,16775039,Peter Luger Steak House,40.7098777778,-73.9623416667,"178 Broadway, Brooklyn 11211"
423,"Steak, American, German",4,4.6,16775039,Peter Luger Steak House,40.7098777778,-73.9623416667,"178 Broadway, Brooklyn 11211"
424,"Steak, American, German",4,4.6,16775039,Peter Luger Steak House,40.7098777778,-73.9623416667,"178 Broadway, Brooklyn 11211"
425,"Steak, American, German",4,4.6,16775039,Peter Luger Steak House,40.7098777778,-73.9623416667,"178 Broadway, Brooklyn 11211"
426,"Steak, American, German",4,4.6,16775039,Peter Luger Steak House,40.7098777778,-73.9623416667,"178 Broadway, Brooklyn 11211"
427,"Steak, American, German",4,4.6,16775039,Peter Luger Steak House,40.7098777778,-73.9623416667,"178 Broadway, Brooklyn 11211"
428,"Steak, American, German",4,4.6,16775039,Peter Luger Steak House,40.7098777778,-73.9623416667,"178 Broadway, Brooklyn 11211"
429,"Steak, American, German",4,4.6,16775039,Peter Luger Steak House,40.7098777778,-73.9623416667,"178 Broadway, Brooklyn 11211"
430,"Steak, American, German",4,4.6,16775039,Peter Luger Steak House,40.7098777778,-73.9623416667,"178 Broadway, Brooklyn 11211"
431,"Steak, American, German",4,4.6,16775039,Peter Luger Steak House,40.7098777778,-73.9623416667,"178 Broadway, Brooklyn 11211"
432,"Steak, American, German",4,4.6,16775039,Peter Luger Steak House,40.7098777778,-73.9623416667,"178 Broadway, Brooklyn 11211"
433,"Steak, American, German",4,4.6,16775039,Peter Luger Steak House,40.7098777778,-73.9623416667,"178 Broadway, Brooklyn 11211"
434,"Steak, American, German",4,4.6,16775039,Peter Luger Steak House,40.7098777778,-73.9623416667,"178 Broadway, Brooklyn 11211"
435,"Steak, American, German",4,4.6,16775039,Peter Luger Steak House,40.7098777778,-73.9623416667,"178 Broadway, Brooklyn 11211"
436,"Steak, American, German",4,4.6,16775039,Peter Luger Steak House,40.7098777778,-73.9623416667,"178 Broadway, Brooklyn 11211"
437,"Steak, American, German",4,4.6,16775039,Peter Luger Steak House,40.7098777778,-73.9623416667,"178 Broadway, Brooklyn 11211"
438,"Steak, American, German",4,4.6,16775039,Peter Luger Steak House,40.7098777778,-73.9623416667,"178 Broadway, Brooklyn 11211"
439,"Steak, American, German",4,4.6,16775039,Peter Luger Steak House,40.7098777778,-73.9623416667,"178 Broadway, Brooklyn 11211"
440,"Steak, American, German",4,4.6,16775039,Peter Luger Steak House,40.7098777778,-73.9623416667,"178 Broadway, Brooklyn 11211"
441,"Steak, American, German",4,4.6,16775039,Peter Luger Steak House,40.7098777778,-73.9623416667,"178 Broadway, Brooklyn 11211"
442,"Steak, American, German",4,4.6,16775039,Peter Luger Steak House,40.7098777778,-73.9623416667,"178 Broadway, Brooklyn 11211"
443,"Steak, American, German",4,4.6,16775039,Peter Luger Steak House,40.7098777778,-73.9623416667,"178 Broadway, Brooklyn 11211"
444,"Steak, American, German",4,4.6,16775039,Peter Luger Steak House,40.7098777778,-73.9623416667,"178 Broadway, Brooklyn 11211"
445,"Steak, American, German",4,4.6,16775039,Peter Luger Steak House,40.7098777778,-73.9623416667,"178 Broadway, Brooklyn 11211"
446,"Steak, American, German",4,4.6,16775039,Peter Luger Steak House,40.7098777778,-73.9623416667,"178 Broadway, Brooklyn 11211"
447,"Steak, American, German",4,4.6,16775039,Peter Luger Steak House,40.7098777778,-73.9623416667,"178 Broadway, Brooklyn 11211"
448,"Steak, American, German",4,4.6,16775039,Peter Luger Steak House,40.7098777778,-73.9623416667,"178 Broadway, Brooklyn 11211"
449,"Steak, American, German",4,4.6,16775039,Peter Luger Steak House,40.7098777778,-73.9623416667,"178 Broadway, Brooklyn 11211"
450,"Steak, American, German",4,4.6,16775039,Peter Luger Steak House,40.7098777778,-73.9623416667,"178 Broadway, Brooklyn 11211"
451,"Steak, American, German",4,4.6,16775039,Peter Luger Steak House,40.7098777778,-73.9623416667,"178 Broadway, Brooklyn 11211"
452,"Steak, American, German",4,4.6,16775039,Peter Luger Steak House,40.7098777778,-73.9623416667,"178 Broadway, Brooklyn 11211"
453,"Steak, American, German",4,4.6,16775039,Peter Luger Steak House,40.7098777778,-73.9623416667,"178 Broadway, Brooklyn 11211"
454,"Steak, American, German",4,4.6,16775039,Peter Luger Steak House,40.7098777778,-73.9623416667,"178 Broadway, Brooklyn 11211"
455,"American, Burger",2,4.9,16783153,Shake Shack,40.7807222222,-73.9764944444,"366 Columbus Avenue W 77th Street, New York 10024"
456,"American, Burger",2,4.9,16783153,Shake Shack,40.7807222222,-73.9764944444,"366 Columbus Avenue W 77th Street, New York 10024"
457,"American, Burger",2,4.9,16783153,Shake Shack,40.7807222222,-73.9764944444,"366 Columbus Avenue W 77th Street, New York 10024"
458,"American, Burger",2,4.9,16783153,Shake Shack,40.7807222222,-73.9764944444,"366 Columbus Avenue W 77th Street, New York 10024"
459,"American, Burger",2,4.9,16783153,Shake Shack,40.7807222222,-73.9764944444,"366 Columbus Avenue W 77th Street, New York 10024"
460,"American, Burger",2,4.9,16783153,Shake Shack,40.7807222222,-73.9764944444,"366 Columbus Avenue W 77th Street, New York 10024"
461,"American, Burger",2,4.9,16783153,Shake Shack,40.7807222222,-73.9764944444,"366 Columbus Avenue W 77th Street, New York 10024"
462,"American, Burger",2,4.9,16783153,Shake Shack,40.7807222222,-73.9764944444,"366 Columbus Avenue W 77th Street, New York 10024"
463,"American, Burger",2,4.9,16783153,Shake Shack,40.7807222222,-73.9764944444,"366 Columbus Avenue W 77th Street, New York 10024"
464,"American, Burger",2,4.9,16783153,Shake Shack,40.7807222222,-73.9764944444,"366 Columbus Avenue W 77th Street, New York 10024"
465,"American, Burger",2,4.9,16783153,Shake Shack,40.7807222222,-73.9764944444,"366 Columbus Avenue W 77th Street, New York 10024"
466,"American, Burger",2,4.9,16783153,Shake Shack,40.7807222222,-73.9764944444,"366 Columbus Avenue W 77th Street, New York 10024"
467,"American, Burger",2,4.9,16783153,Shake Shack,40.7807222222,-73.9764944444,"366 Columbus Avenue W 77th Street, New York 10024"
468,"American, Burger",2,4.9,16783153,Shake Shack,40.7807222222,-73.9764944444,"366 Columbus Avenue W 77th Street, New York 10024"
469,"American, Burger",2,4.9,16783153,Shake Shack,40.7807222222,-73.9764944444,"366 Columbus Avenue W 77th Street, New York 10024"
470,"American, Burger",2,4.9,16783153,Shake Shack,40.7807222222,-73.9764944444,"366 Columbus Avenue W 77th Street, New York 10024"
471,"American, Burger",2,4.9,16783153,Shake Shack,40.7807222222,-73.9764944444,"366 Columbus Avenue W 77th Street, New York 10024"
472,"American, Burger",2,4.9,16783153,Shake Shack,40.7807222222,-73.9764944444,"366 Columbus Avenue W 77th Street, New York 10024"
473,"American, Burger",2,4.9,16783153,Shake Shack,40.7807222222,-73.9764944444,"366 Columbus Avenue W 77th Street, New York 10024"
474,"American, Burger",2,4.9,16783153,Shake Shack,40.7807222222,-73.9764944444,"366 Columbus Avenue W 77th Street, New York 10024"
475,"American, Burger",2,4.9,16783153,Shake Shack,40.7807222222,-73.9764944444,"366 Columbus Avenue W 77th Street, New York 10024"
476,"American, Burger",2,4.9,16783153,Shake Shack,40.7807222222,-73.9764944444,"366 Columbus Avenue W 77th Street, New York 10024"
477,"American, Burger",2,4.9,16783153,Shake Shack,40.7807222222,-73.9764944444,"366 Columbus Avenue W 77th Street, New York 10024"
478,"American, Burger",2,4.9,16783153,Shake Shack,40.7807222222,-73.9764944444,"366 Columbus Avenue W 77th Street, New York 10024"
479,"American, Burger",2,4.9,16783153,Shake Shack,40.7807222222,-73.9764944444,"366 Columbus Avenue W 77th Street, New York 10024"
480,"American, Burger",2,4.9,16783153,Shake Shack,40.7807222222,-73.9764944444,"366 Columbus Avenue W 77th Street, New York 10024"
481,"American, Burger",2,4.9,16783153,Shake Shack,40.7807222222,-73.9764944444,"366 Columbus Avenue W 77th Street, New York 10024"
482,"American, Burger",2,4.9,16783153,Shake Shack,40.7807222222,-73.9764944444,"366 Columbus Avenue W 77th Street, New York 10024"
483,"American, Burger",2,4.9,16783153,Shake Shack,40.7807222222,-73.9764944444,"366 Columbus Avenue W 77th Street, New York 10024"
484,"American, Burger",2,4.9,16783153,Shake Shack,40.7807222222,-73.9764944444,"366 Columbus Avenue W 77th Street, New York 10024"
485,"American, Burger",4,4.0,16767634,Hard Rock Cafe,40.7570400000,-73.9864400000,"1501 Broadway, New York 10036"
486,"American, Burger",4,4.0,16767634,Hard Rock Cafe,40.7570400000,-73.9864400000,"1501 Broadway, New York 10036"
487,"American, Burger",4,4.0,16767634,Hard Rock Cafe,40.7570400000,-73.9864400000,"1501 Broadway, New York 10036"
488,"American, Burger",4,4.0,16767634,Hard Rock Cafe,40.7570400000,-73.9864400000,"1501 Broadway, New York 10036"
489,"American, Burger",4,4.0,16767634,Hard Rock Cafe,40.7570400000,-73.9864400000,"1501 Broadway, New York 10036"
490,"American, Burger",4,4.0,16767634,Hard Rock Cafe,40.7570400000,-73.9864400000,"1501 Broadway, New York 10036"
491,"American, Burger",4,4.0,16767634,Hard Rock Cafe,40.7570400000,-73.9864400000,"1501 Broadway, New York 10036"
492,"American, Burger",4,4.0,16767634,Hard Rock Cafe,40.7570400000,-73.9864400000,"1501 Broadway, New York 10036"
493,"American, Burger",4,4.0,16767634,Hard Rock Cafe,40.7570400000,-73.9864400000,"1501 Broadway, New York 10036"
494,"American, Burger",4,4.0,16767634,Hard Rock Cafe,40.7570400000,-73.9864400000,"1501 Broadway, New York 10036"
495,"American, Burger",4,4.0,16767634,Hard Rock Cafe,40.7570400000,-73.9864400000,"1501 Broadway, New York 10036"
496,"American, Burger",4,4.0,16767634,Hard Rock Cafe,40.7570400000,-73.9864400000,"1501 Broadway, New York 10036"
497,"American, Burger",4,4.0,16767634,Hard Rock Cafe,40.7570400000,-73.9864400000,"1501 Broadway, New York 10036"
498,"American, Burger",4,4.0,16767634,Hard Rock Cafe,40.7570400000,-73.9864400000,"1501 Broadway, New York 10036"
499,"American, Burger",4,4.0,16767634,Hard Rock Cafe,40.7570400000,-73.9864400000,"1501 Broadway, New York 10036"
500,"American, Burger",4,4.0,16767634,Hard Rock Cafe,40.7570400000,-73.9864400000,"1501 Broadway, New York 10036"
501,"American, Burger",4,4.0,16767634,Hard Rock Cafe,40.7570400000,-73.9864400000,"1501 Broadway, New York 10036"
502,"American, Burger",4,4.0,16767634,Hard Rock Cafe,40.7570400000,-73.9864400000,"1501 Broadway, New York 10036"
503,"American, Burger",4,4.0,16767634,Hard Rock Cafe,40.7570400000,-73.9864400000,"1501 Broadway, New York 10036"
504,"American, Burger",4,4.0,16767634,Hard Rock Cafe,40.7570400000,-73.9864400000,"1501 Broadway, New York 10036"
505,"American, Burger",4,4.0,16767634,Hard Rock Cafe,40.7570400000,-73.9864400000,"1501 Broadway, New York 10036"
506,"American, Burger",4,4.0,16767634,Hard Rock Cafe,40.7570400000,-73.9864400000,"1501 Broadway, New York 10036"
507,"American, Burger",4,4.0,16767634,Hard Rock Cafe,40.7570400000,-73.9864400000,"1501 Broadway, New York 10036"
508,"American, Burger",4,4.0,16767634,Hard Rock Cafe,40.7570400000,-73.9864400000,"1501 Broadway, New York 10036"
509,"American, Burger",4,4.0,16767634,Hard Rock Cafe,40.7570400000,-73.9864400000,"1501 Broadway, New York 10036"
510,"BBQ, American",4,4.4,16760901,Blue Smoke,40.7422410000,-73.9838080000,"116 E 27th Street, New York 10016"
511,"BBQ, American",4,4.4,16760901,Blue Smoke,40.7422410000,-73.9838080000,"116 E 27th Street, New York 10016"
512,"BBQ, American",4,4.4,16760901,Blue Smoke,40.7422410000,-73.9838080000,"116 E 27th Street, New York 10016"
513,"BBQ, American",4,4.4,16760901,Blue Smoke,40.7422410000,-73.9838080000,"116 E 27th Street, New York 10016"
514,"BBQ, American",4,4.4,16760901,Blue Smoke,40.7422410000,-73.9838080000,"116 E 27th Street, New York 10016"
515,"BBQ, American",4,4.4,16760901,Blue Smoke,40.7422410000,-73.9838080000,"116 E 27th Street, New York 10016"
516,"BBQ, American",4,4.4,16760901,Blue Smoke,40.7422410000,-73.9838080000,"116 E 27th Street, New York 10016"
517,"BBQ, American",4,4.4,16760901,Blue Smoke,40.7422410000,-73.9838080000,"116 E 27th Street, New York 10016"
518,"BBQ, American",4,4.4,16760901,Blue Smoke,40.7422410000,-73.9838080000,"116 E 27th Street, New York 10016"
519,"BBQ, American",4,4.4,16760901,Blue Smoke,40.7422410000,-73.9838080000,"116 E 27th Street, New York 10016"
520,"BBQ, American",4,4.4,16760901,Blue Smoke,40.7422410000,-73.9838080000,"116 E 27th Street, New York 10016"
521,"BBQ, American",4,4.4,16760901,Blue Smoke,40.7422410000,-73.9838080000,"116 E 27th Street, New York 10016"
522,"BBQ, American",4,4.4,16760901,Blue Smoke,40.7422410000,-73.9838080000,"116 E 27th Street, New York 10016"
523,"BBQ, American",4,4.4,16760901,Blue Smoke,40.7422410000,-73.9838080000,"116 E 27th Street, New York 10016"
524,"BBQ, American",4,4.4,16760901,Blue Smoke,40.7422410000,-73.9838080000,"116 E 27th Street, New York 10016"
525,"BBQ, American",4,4.4,16760901,Blue Smoke,40.7422410000,-73.9838080000,"116 E 27th Street, New York 10016"
526,"BBQ, American",4,4.4,16760901,Blue Smoke,40.7422410000,-73.9838080000,"116 E 27th Street, New York 10016"
527,"BBQ, American",4,4.4,16760901,Blue Smoke,40.7422410000,-73.9838080000,"116 E 27th Street, New York 10016"
528,"BBQ, American",4,4.4,16760901,Blue Smoke,40.7422410000,-73.9838080000,"116 E 27th Street, New York 10016"
529,"BBQ, American",4,4.4,16760901,Blue Smoke,40.7422410000,-73.9838080000,"116 E 27th Street, New York 10016"
530,"American, Italian, Sandwich",3,4.5,16784825,The Meatball Shop,40.7216138889,-73.9888083333,"84 Stanton Street, New York 10002"
531,"American, Italian, Sandwich",3,4.5,16784825,The Meatball Shop,40.7216138889,-73.9888083333,"84 Stanton Street, New York 10002"
532,"American, Italian, Sandwich",3,4.5,16784825,The Meatball Shop,40.7216138889,-73.9888083333,"84 Stanton Street, New York 10002"
533,"American, Italian, Sandwich",3,4.5,16784825,The Meatball Shop,40.7216138889,-73.9888083333,"84 Stanton Street, New York 10002"
534,"American, Italian, Sandwich",3,4.5,16784825,The Meatball Shop,40.7216138889,-73.9888083333,"84 Stanton Street, New York 10002"
535,"American, Italian, Sandwich",3,4.5,16784825,The Meatball Shop,40.7216138889,-73.9888083333,"84 Stanton Street, New York 10002"
536,"American, Italian, Sandwich",3,4.5,16784825,The Meatball Shop,40.7216138889,-73.9888083333,"84 Stanton Street, New York 10002"
537,"American, Italian, Sandwich",3,4.5,16784825,The Meatball Shop,40.7216138889,-73.9888083333,"84 Stanton Street, New York 10002"
538,"American, Italian, Sandwich",3,4.5,16784825,The Meatball Shop,40.7216138889,-73.9888083333,"84 Stanton Street, New York 10002"
539,"American, Italian, Sandwich",3,4.5,16784825,The Meatball Shop,40.7216138889,-73.9888083333,"84 Stanton Street, New York 10002"
540,"American, Italian, Sandwich",3,4.5,16784825,The Meatball Shop,40.7216138889,-73.9888083333,"84 Stanton Street, New York 10002"
541,"American, Italian, Sandwich",3,4.5,16784825,The Meatball Shop,40.7216138889,-73.9888083333,"84 Stanton Street, New York 10002"
542,"American, Italian, Sandwich",3,4.5,16784825,The Meatball Shop,40.7216138889,-73.9888083333,"84 Stanton Street, New York 10002"
543,"American, Italian, Sandwich",3,4.5,16784825,The Meatball Shop,40.7216138889,-73.9888083333,"84 Stanton Street, New York 10002"
544,"American, Italian, Sandwich",3,4.5,16784825,The Meatball Shop,40.7216138889,-73.9888083333,"84 Stanton Street, New York 10002"
545,"BBQ, American, Southern",3,4.3,16780641,Virgil's Real BBQ -Times Square,40.7570500000,-73.9847805556,"152 W 44th Street, New York 10036"
546,"BBQ, American, Southern",3,4.3,16780641,Virgil's Real BBQ -Times Square,40.7570500000,-73.9847805556,"152 W 44th Street, New York 10036"
547,"BBQ, American, Southern",3,4.3,16780641,Virgil's Real BBQ -Times Square,40.7570500000,-73.9847805556,"152 W 44th Street, New York 10036"
548,"BBQ, American, Southern",3,4.3,16780641,Virgil's Real BBQ -Times Square,40.7570500000,-73.9847805556,"152 W 44th Street, New York 10036"
549,"BBQ, American, Southern",3,4.3,16780641,Virgil's Real BBQ -Times Square,40.7570500000,-73.9847805556,"152 W 44th Street, New York 10036"
550,"BBQ, American, Southern",3,4.3,16780641,Virgil's Real BBQ -Times Square,40.7570500000,-73.9847805556,"152 W 44th Street, New York 10036"
551,"BBQ, American, Southern",3,4.3,16780641,Virgil's Real BBQ -Times Square,40.7570500000,-73.9847805556,"152 W 44th Street, New York 10036"
552,"BBQ, American, Southern",3,4.3,16780641,Virgil's Real BBQ -Times Square,40.7570500000,-73.9847805556,"152 W 44th Street, New York 10036"
553,"BBQ, American, Southern",3,4.3,16780641,Virgil's Real BBQ -Times Square,40.7570500000,-73.9847805556,"152 W 44th Street, New York 10036"
554,"BBQ, American, Southern",3,4.3,16780641,Virgil's Real BBQ -Times Square,40.7570500000,-73.9847805556,"152 W 44th Street, New York 10036"
555,American,4,4.2,16777125,Sarabeth's,40.7652694444,-73.9752888889,"40 Central Park S, New York 10019"
556,American,4,4.2,16777125,Sarabeth's,40.7652694444,-73.9752888889,"40 Central Park S, New York 10019"
557,American,4,4.2,16777125,Sarabeth's,40.7652694444,-73.9752888889,"40 Central Park S, New York 10019"
558,American,4,4.2,16777125,Sarabeth's,40.7652694444,-73.9752888889,"40 Central Park S, New York 10019"
559,American,4,4.2,16777125,Sarabeth's,40.7652694444,-73.9752888889,"40 Central Park S, New York 10019"
560,"American, Fusion",4,4.2,16785930,Beauty & Essex,40.7205111111,-73.9871444444,"146 Essex Street, Lower East Side 10002"
